Wavelength (Angstrom),Relative Intensity
4711.0,0.590921404484711
4740.0,0.49950289997299435
